{
  "best_metric": 0.991930270401053,
  "best_model_checkpoint": "/home/utilisateur/Documents/brief_nlp/NLP_mental_distress_analysis/App/model/checkpoints/checkpoint-1120",
  "epoch": 2.0,
  "eval_steps": 500,
  "global_step": 1120,
  "is_hyper_param_search": false,
  "is_local_process_zero": true,
  "is_world_process_zero": true,
  "log_history": [
    {
      "epoch": 1.0,
      "grad_norm": 16.563583374023438,
      "learning_rate": 4.215604094671835e-06,
      "loss": 0.7055,
      "step": 560
    },
    {
      "epoch": 1.0,
      "eval_accuracy": 0.9365788298347476,
      "eval_f1": 0.9360640698360126,
      "eval_loss": 0.24163256585597992,
      "eval_runtime": 45.2881,
      "eval_samples_per_second": 49.439,
      "eval_steps_per_second": 1.546,
      "step": 560
    },
    {
      "epoch": 2.0,
      "grad_norm": 0.7124922275543213,
      "learning_rate": 1.509800584902108e-06,
      "loss": 0.1401,
      "step": 1120
    },
    {
      "epoch": 2.0,
      "eval_accuracy": 0.991960696739616,
      "eval_f1": 0.991930270401053,
      "eval_loss": 0.04035297408699989,
      "eval_runtime": 45.1762,
      "eval_samples_per_second": 49.562,
      "eval_steps_per_second": 1.549,
      "step": 1120
    }
  ],
  "logging_steps": 500,
  "max_steps": 1680,
  "num_input_tokens_seen": 0,
  "num_train_epochs": 3,
  "save_steps": 500,
  "total_flos": 106592452161216.0,
  "train_batch_size": 8,
  "trial_name": null,
  "trial_params": null
}
